{"cameraMode":{"drawMode":0,"name":"Shaded","section":"Shading Mode"},"sceneLighting":true,"audioPlay":false,"sceneViewState":{"showFog":false,"showMaterialUpdate":false,"showSkybox":false,"showFlares":false,"showImageEffects":false,"showParticleSystems":true},"in2DMode":false,"pivot":{"x":500.642578125,"y":215.8720703125,"z":-4.625},"rotation":{"x":-0.0033105460461229088,"y":-0.009903209283947945,"z":0.000032431136787636206,"w":-0.9999455213546753},"size":655.9268188476563,"orthographic":true}