{"cameraMode":{"drawMode":0,"name":"Shaded","section":"Shading Mode"},"sceneLighting":true,"audioPlay":false,"sceneViewState":{"showFog":false,"showMaterialUpdate":false,"showSkybox":false,"showFlares":false,"showImageEffects":false,"showParticleSystems":true},"in2DMode":false,"pivot":{"x":-36.834228515625,"y":11.659698486328125,"z":8.90625},"rotation":{"x":-0.0033105460461229088,"y":-0.009903209283947945,"z":0.000032431136787636206,"w":-0.9999455213546753},"size":31.38336181640625,"orthographic":true}